"epochs"	"rss"	"correctness"	"etl"	"etp"	"etc"
2000	3.329114	0.000000	361.033954	0.000024	361.153717
