"epochs"	"rss"	"correctness"	"etl"	"etp"	"etc"
2000	6.507674	0.000000	389.725088	0.000025	389.856594
