"epochs"	"rss"	"correctness"	"etl"	"etp"	"etc"
2000	2.997686	0.000000	788.156579	0.000026	788.379178
