"epochs"	"rss"	"correctness"	"etl"	"etp"	"etc"
2000	3.379243	0.000000	796.075303	0.000026	796.273323
